 <!-- example port config used to access remote Alfresco server (default is 8080)
     -->
   
   <config evaluator="string-compare" condition="Remote">
      <remote>
         <endpoint>
            <id>alfresco-noauth</id>
            <name>Alfresco - unauthenticated access</name>
            <description>Access to Alfresco Repository WebScripts that do not 
            require authentication
        </description>
            <connector-id>alfresco</connector-id>
            <endpoint-url>http://localhost:8080/alfresco/s</endpoint-url>
            <identity>none</identity>
         </endpoint>

         <endpoint>
            <id>alfresco</id>
            <name>Alfresco - user access</name>
            <description>Access to Alfresco Repository WebScripts that 
                         require user authentication
        </description>
            <connector-id>alfresco</connector-id>
            <endpoint-url>http://localhost:8080/alfresco/s</endpoint-url>
            <identity>user</identity>
         </endpoint>

         <endpoint>
            <id>alfresco-feed</id>
            <name>Alfresco Feed</name>
            <description>Alfresco Feed - supports basic HTTP authentication via
                         the EndPointProxyServlet</description>
            <connector-id>http</connector-id>
            <endpoint-url>http://localhost:8080/alfresco/s</endpoint-url>
            <basic-auth>true</basic-auth>
            <identity>user</identity>
         </endpoint>
         
         <endpoint>
            <id>activiti-admin</id>
            <name>Activiti Admin UI - user access</name>
            <description>Access to Activiti Admin UI, that requires user 
                         authentication</description>
            <connector-id>activiti-admin-connector</connector-id>
            <endpoint-url>http://localhost:8080/alfresco/activiti-admin
            </endpoint-url>
            <identity>user</identity>
         </endpoint>
      </remote>
    </config>
 

   <!-- 
        Overriding endpoints to reference an Alfresco server with external SSO
        enabled
        NOTE: If utilising a load balancer between web-tier and repository 
        cluster,the "sticky sessions" feature of your load balancer must be used.
              
        NOTE: If alfresco server location is not localhost:8080 then also combine   
        changes from the"example port config" section below.
        *Optional* keystore contains SSL client certificate + trusted CAs.
        Used to authenticate share to an external SSO system such as CAS
        Remove the keystore section if not required i.e. for NTLM.
        
        NOTE: For Kerberos SSO rename the "KerberosDisabled" condition above to 
        "Kerberos"
        
        NOTE: For external SSO, switch the endpoint connector to "AlfrescoHeader" 
              and set the userHeader to the name of the HTTP header 
              that the external SSO uses to provide the authenticated user name.
   -->
   
   <config evaluator="string-compare" condition="Remote">
      <remote>
         <keystore>
             <path>alfresco/web-extension/alfresco-system.p12</path>
             <type>pkcs12</type>
             <password>alfresco-system</password>
         </keystore>
         
         <connector>
            <id>alfrescoCookie</id>
            <name>Alfresco Connector</name>
            <description>Connects to an Alfresco instance using cookie-based 
                          authentication
            </description>
            <class>org.alfresco.web.site.servlet.SlingshotAlfrescoConnector</class>
         </connector>
         
         <connector>
            <id>alfrescoHeader</id>
            <name>Alfresco Connector</name>
            <description>Connects to an Alfresco instance using header and 
             cookie-based authentication
            </description>
            <class>org.alfresco.web.site.servlet.SlingshotAlfrescoConnector</class>
            <userHeader>ExternalSsoSystemHeader</userHeader>
         </connector>

         <endpoint>
            <id>alfresco</id>
            <name>Alfresco - user access</name>
            <description>Access to Alfresco Repository WebScripts that require user
             authentication
            </description>
            <connector-id>alfrescoHeader</connector-id>
            <endpoint-url>http://localhost:8080/alfresco/wcs</endpoint-url>
            <identity>user</identity>
            <external-auth>true</external-auth>
         </endpoint>
      </remote>
   </config>
   

